sub,email
0b9e3d94-ca4d-4774-a297-56d7356621d8,lemon@gmail.com
327e9508-19bb-4dca-8664-fff2d1124927,ldkgf@laskdf.com
3e7c9dd9-00cd-4a47-961c-e321575bd629,jr7@mailinator.com
cc4c5caa-9d3a-4f0f-9395-503cc123e1da,fdksl@kafjasd.com
b08dbc02-dfcc-4abc-a5b6-31c47a9de98d,data@mailinator.com
f3bb939e-aabf-42f3-90db-f95b7108a801,oh@mailinator.com
190644ce-63cf-41fe-be24-8813a9579fdb,dfdf@gmail.com
88392719-861e-44f3-950b-2972231a71a6,myirlogintest2@mailinator.com
babe66e8-d0e6-469c-8ca8-2ad59c0a2aea,norecordtest112312312231232@mailinator.com
97379c50-76a3-4108-b126-6bd91956c61a,klasdj@askljf.com
1dcdf564-c8ec-409f-bf47-d7da99670d21,jr12@mailinator.com
7a89f232-6983-4613-938a-429d30ead971,jorge1@mailinator.com
9fdba175-2dfb-4891-b4b3-7c19c7f140f3,aweawe@awefaw.com
f180ba87-84a1-4fc8-8fdf-4379a66c0271,strawmango@mailintor.com
6e32d9a4-9e6f-4a19-9169-37324bbea399,ksldfjas@alsfkdj.com
d7146587-6990-4751-84ac-1c445ce0799a,jorge15@example.com
38534fdf-b9ec-4f39-9d74-7b718fad3d73,ricardotest20@mailinator.com
7ba5843d-f47c-4974-8efc-1e98f2c8a6ed,df097@gmail.com
37e9deeb-0a19-4a98-bce6-0c1bf50bb98d,myirlogintest5@mailinator.com
eb7d1f46-a486-4daa-ba02-2333434439a0,cat111@mailinator.com
0dd35de3-6517-4e23-b7c1-1c59322fb6f0,ksfhjs@kadfhask.com
6ef6301d-52ed-412e-b97b-583b4bfdda22,jr4@mailinator.com
500784a3-c32f-4c74-8bed-1640666c4ee9,mstest2@mailnator.com
41622d7d-cc52-472a-a45e-52e529dfadd8,dddddddf@mailinator.com
8cd68479-1db9-4343-a773-3182b862c8d5,spike123@mailinator.com
6ed2fce4-6711-4834-9219-293e8aa9ba0f,nick_2@stchome.com
7fe9a44f-1a15-4193-a396-8dbdcda351c5,jr27@mailinator.com
0f6bcfb9-1013-45fb-9129-d58b88dc7ef8,sara@mailintor.com
73b59363-7655-499c-8225-920f420946f3,wlskjs@adfkj.com
e354a711-e691-4b56-a047-c6ad7496b8e6,jr13@mailinator.com
a20845a0-2af7-493b-b739-4ba60a17444e,jr3@mailinator.com
7cad6339-917f-46d6-9c92-89edef67a42b,jr10@mailinator.com
5c265a29-d270-4f41-bd57-e95bbbc0565e,last2265test@mailinator.com
3e80ee98-5a10-499f-bb36-845bc4df73e9,sara@mailinator.com
3e781da5-e7e9-4cc6-81aa-51cfe2150753,tucker81927839@mailinator.com
309f2dcd-9a11-47d9-a2f9-fb3be5643685,aaa@mailinator.com
4bd50906-f27e-4f08-a935-3592e40485b2,gap@gmail.com
7e544cd3-0630-4b0b-9b09-267eb05ce162,poc1@mailinator.com
6f203934-052f-4b14-9c55-7ba4a04e4c58,esanchez+parent@tiempodevelopment.com
331fcd2e-e791-48d6-9e71-43883f23809a,sdefgsdfg@coasdf.com
f205a9c1-e977-4f79-b1ee-bcec361f9e3f,yujtu@rtjrt.com
8482e288-79a4-464d-b206-f40402bdb6d5,testinggg@gmail.com
c2c59b11-14f2-4391-b3cd-428c69ab474b,sdjfh@sdf.com
01c07126-7f81-4383-a029-5e7dafd8a4d7,klsdfh@kjdsaf.com
2dc58ff2-c9f4-48ba-b0f5-67df3442e85f,mkioski+firefoxinvite@gmail.com
51244609-d14d-4727-86f1-1f0d21e3d01e,jr14@mailinator.com
0f7bc31e-260e-4423-98e3-482d0a9266a1,ewr@gmail.com
39341ba2-0994-41a4-8571-24b880796f80,kjsd@sd.com
16b79413-68bc-48c3-866a-3d4f3396496d,kjk@gmail.com
3fcd2f9c-1877-4883-81d9-7e50e8b39aec,myirlogintest1@mailinator.com
9fef8406-da07-4641-8f88-c9ad02de663d,heilooo@mailinator.com
46f8af58-d86a-4571-9a8f-6f0c5880fa47,golu@mailinator.com
51dabe22-6923-49e1-b0bb-2a8995d8d628,osijvse@oeirer.com
7429363e-a52e-4a90-9311-fabdc43c035a,sjkhd@sdkf.com
62dd36cd-c161-4bf7-bfd8-42678b083c42,kk@skdj.com
95d4a789-c30a-4bd4-b136-d86e1854f6b4,sklf@sdk.com
89c371d0-9bee-4872-b354-ec4419c72127,poc3@mailinator.com
89a3fb9a-6a55-416b-bda6-af031a9018f4,micky@mailinator.com
834c3cf0-14e9-4694-887b-d8e0ff58a879,ten@mailinator.com
c404490f-61a9-40e2-aa71-980b9d1c75b7,micinis597@royalnt.net
91eba170-4630-4eb7-8f47-72197b6c38e1,craig_wickersham+testjesum@stchome.com
e3d890ed-7e39-4564-a807-46ef44467032,hgg@gmail.com
933b451c-3e53-415d-8eb1-eb8f037b5733,laksjdfalks!@mailinator.com
253e9060-9489-4ef2-91c2-f35f249b77ae,jr@mailinator.com
daa4bebe-08f9-4e48-aacd-322a93fc2dad,sdklfg@asdflk.com
fb98ac98-00dc-4e0f-a36f-af62c8bfa09e,hellooooo@test.com
686b5e4f-4835-490b-a360-9b7c42fd019f,chawla@mailintor.com
3904292f-d89a-4594-94b9-efa37a8b93f4,mobile123@mailinator.com
19517d81-9ed8-4343-ab8e-c6c105536064,n@mailintor.com
5d1376d6-b066-44b8-9e13-36be777d5749,ricardotest21@mailinator.com
3dcce330-1e50-4f45-9d7f-ab6b548b402a,agree@mailinator.com
def731bd-d6b0-4611-a5c7-a0963c8217bf,jovannyharberur1vys.9fdflwjk@mailosaur.io
91c0d131-6a0d-4a9a-aad2-af872af1638b,myirlogintest6@mailinator.com
27b9776f-89fe-49e3-b94e-fda047542b4c,ilsdg@sdlkfjsd.com
e70bd302-0aca-4ab4-9a24-6541c429bb90,laskfj@ksjf.com
0e0fc37c-e4d5-41f6-aa43-352e8412f42b,ksudf@sdg.com
954d0e37-a74d-44f8-9245-9f50be694ead,erick.test.sms@mailinator.com
dbbf8b56-cc7c-4e4e-bf8c-ae3263dbe297,tummy@gmail.com
ef621da1-f9a8-4e40-912a-7625b1beeca4,lsadkf@aslfkj.com
169675fd-9f9e-44b7-b46c-84b56dfdc4d0,dfdfddd@gmail.com
6b472fa6-ad88-4420-8a8a-f67ddc8e8728,4805434333@gmail.com
6a6dab8c-8554-481f-8c9a-8e11649f94f8,4805273139@gmail.com
989c2bbd-be8d-416f-88fc-5ae3867523f0,ten10@mailinator.com
6e4d95f4-e9c6-4763-9cb8-86cb4d49c2a2,sig66n@mailinator.com
04a1e4c8-c3ce-49a3-bfdc-d03a5a17f17a,bagomag452+1@28woman.com
de62aec0-4998-4f6e-81c2-8dfc0266cb6b,foo@gmail.com
515615b8-65b0-487b-8d35-5ea984c8b936,lasko@mailinator.com
61c78846-696e-4472-89f2-f4f439442e74,eleven11@mailinator.com
be89138a-3f3f-4f3e-a58b-af00108a1b9c,dd@gmail.com
6769e323-0335-4f11-ab06-91bbe116ae5b,jlop@mailiantor.com
ca930776-aa57-4fb4-bb65-6390bb8d9308,joe112@mailiantor.com
27b08dfe-53eb-48b8-81bb-20a4dba43af5,bbb@mailinator.com
3f94737f-eca2-4804-a0b2-7a368c30999f,prev@gmail.com
c6705752-df99-4b5d-a6c8-cbb432d58c8f,eleven@mailinator.com
376503d7-5787-4f8d-9148-824e49cec76a,wood12@mailinator.com
831368e6-7c1a-4cff-abb7-4ee5b5baa609,askdfj@mailinator.com
9a9a9428-7127-4bef-9dbe-34155fbca960,54545454444@gmail.com
95866b5f-6dd2-415f-a4da-f5c36be51358,mala123@gmail.com
a0d84da8-1208-462d-b8ce-4361a334584a,adlskf@alksfj.xom
77aa4e7b-4a88-466f-97bf-b64d12617b5c,testtesttest20@mailinator.com
5717bc73-fe36-4464-aab2-39a00cb9c563,jr36@mailinator.com
6fdf671e-3de9-4ed3-bd77-ebe4bf9d2580,myirlogintest@mailinator.com
370931cb-984f-448b-b4a7-bcd23ee55607,lksdg@sklgh.com
c91aabb4-7a58-400a-b324-73d75b808df8,gft@mailinator.com
b2ba5096-231d-4c65-b139-e8e39afe9849,mstest1@mailnator.com
4a93f27b-53a7-40ec-b545-5842d7c8a34f,myirlogintest7@mailinator.com
c01b0c8b-30b5-4547-928a-c9f88d196707,ughuhguhu@mailiantor.com
21a12093-df9d-488c-b4c5-f1c79c372669,ksdhkj@asdfkj.com
d3cc82b0-a748-468b-b822-db1edac6960a,askjdf@kjashd.com
278c7545-81db-4163-a640-6fae20e391bd,jr26@mailinator.com
78c94be7-da8a-4a58-ac2e-8587face3da3,testmom3061@mailinator.com
7f3e8ae2-df99-4545-9897-d4133925a094,tucker91829382@mailinator.com
57ff68cb-d3e0-4095-ad3c-ef75f77153c4,jane.test@mailinator.com
773de634-5e04-4de1-a2d2-bc033ccd02c5,kjsdas@asd.xom
4476b5ed-c9a0-4ee4-a144-e5980add64b5,jr6@mailinator.com
08ab78ae-2ba4-4ac6-afe9-25651b070c94,pothosplant@gmail.com
f18fa07d-0061-4221-b9ef-181a49805ce9,myirlogintest4@mailinator.com
5a5dba96-513c-4cea-93c9-8a3b2cc089a7,jr5@mailinator.com
4d825671-47e3-4049-9b06-94037192d8eb,bread11@mailinator.com
2be71644-1c99-4781-b522-ce11b24e9592,sjdfh@sdf.com
62843fd9-c9e9-4bdc-8d76-dea5f19bde76,erick.test.mail@mailinator.com
b044c74b-1f1a-48c9-91b3-e17c4b5283ee,gold@mailinator.com
30a20fb6-739a-4183-94f3-3e3c3afb9c45,jorge16@example.com
ec044a0f-7dd5-4eb5-8148-d7ebca764b2c,space@gmail.com
a85a23f0-48dd-4d91-8917-3fd7f04412c9,4984784848@gmail.com
5a0dad02-9193-4957-9e64-e1369f922301,jo12231@mailiantor.com
305dc226-bf10-46ab-8315-4356c22183e1,awsa@mailinator.com
685de376-98ef-40f3-9a39-8dab8f528423,skdjfh@kjsfhg.com
381ac95b-fa89-4730-91f4-d3588274f579,alka@mailinatot.com
e3752753-5ff1-4f34-a9cc-be279899bd1a,ldkfj@slkdf.com
76f01409-a0fd-4728-8396-a197a2c26d5b,bread@mailinator.com
f53f3949-ec58-486a-b90d-dd5c30751a3d,asekdfjh@asdfasd.com
dbeb1c1d-159f-4249-aa78-d95c56cebfd7,slkfsf@lkdf.com
ca1e5814-95ad-4b5f-8913-c8b9997249dd,sdf@gmail.com
bb59b22b-6f4b-4cda-a7de-310b0b993341,tusharchhibber@gmail.com
1b18ff39-09f1-4ba2-8d5b-11d9036f6ee0,abeckers+06@nerdery.com
eae27d65-b352-4304-9d3f-600e7b26c6d4,skjdfh@sldv.com
70b81de8-c014-4f46-98e1-1784fb1d40d9,jorge5@example.com
0ff62e37-59b4-49e8-b30a-cdad2063dd8c,toast@gmail.com
576c67fb-e72c-424e-96de-e6fc3b7c5f90,testauth@gmail.com
6cbd40c8-d923-422a-910c-3df68e27651c,asdfas@asdf.com
e9ec7f86-3369-4b86-a115-3045beab1401,meep@meep.cpm
c80acb2b-f720-4ac5-a6c0-7f09288128f3,ten@gmail.com
2019b0a5-94fe-478c-8ae8-351ca8fe456e,dsf99@gmail.com
750191d9-763f-4057-8feb-07164ecefa0d,askjhd@lkadsf.com
03eda19d-95f9-4157-8187-d6a0373a6abd,lksdhf@sakjdf.com
11862529-4074-4071-9515-22b51c89e411,jr11@mailinator.com
24d09bb9-5f76-46c9-bd70-ff1eb581cdb9,aklsjd@lkdasf.com
f5512b94-886f-47c2-9be9-f99cbcda56ca,india1@mailinator.com
85c24a2b-2905-4a35-906e-8869fcb10718,anshul@mailiantor.com
1b81e7e4-8518-4df6-ad37-09e9f5e39474,hanu@gmail.com
abb52065-a59b-4965-a073-fd8ac7ff1a97,roiejf@sergs.com
965eb8f3-e3c4-450a-bcaf-12524739d5d5,kjwe@asskjdf.com
e9944193-018e-4140-ba89-c5d583f86742,account@mailinator.com
92dda764-c7c6-461b-a8a4-90f2c80fcc82,norecordtest1231232@mailinator.com
b65d21bf-0258-41c1-8b74-1fb48141af5f,wlkdf@df.com
738caea9-3abe-4f06-a8ba-5cd74812bc85,bucker123@mailiantor.com
85fcf6b8-e80f-46b3-b51c-2b9146b6a4ab,jr16@mailinator.com
b48e2aa3-e130-4e5b-8c60-49e1c569179a,lkshdf@slkdf.comk
10cf00b7-b20f-4db6-85fd-713426d9736c,2488@mailinator.com
4ea88de1-2182-4bde-96c8-8610c6714b7a,tyhry@woeitg.com
e7830e93-4081-401c-9209-e73cb78d141a,kjef@dasf.xom
5b253ae0-cbeb-4036-9903-e70eb7b75175,jr8@mailinator.com
234f8557-2fc0-4974-a9c9-e16ebc858549,spike1@mailinator.com
a98c1e08-3c23-4222-9215-c86110e25b79,spike@mailinator.com
4a153fb4-e9c3-49cd-b76d-f59cb6b80348,kdjfgh@sdkch.com
49e1fb5d-69ae-42eb-8c0d-0e7fed9f857b,wikrgff@aergki.com
15120768-995d-4b99-a91b-1a697c2e0000,jorge17@example.com
9e499604-0367-484d-8b84-86c9e2274477,tucker4803131146@mailinator.com
8fff7369-16e7-457e-b75f-9484e4e8c1e2,madison@ksdfh.com
921b02d0-ddea-4307-bdd1-8b56ff1d7caf,skjhg@adfs.com
e88e8c69-0efe-4ae3-9bb2-ed467743005a,jorge6@example.com
d83f8ad7-eaa3-457e-aef1-dbc1de4f3616,jr2@mailinator.com
b4101e13-b1bd-444e-8ab6-0211d67eab4e,sdklf@adsfklh.com
31bc757e-397c-479e-b982-c34211dd9975,slkdfh@asfkj.com
7ecbb2f2-1407-479f-b865-b41b58c59241,jr15@mailinator.com
f07c358c-0217-4104-a0ca-7b3e6ace1ee0,sdlkfjsl@lskjdf.com
ca10fa4f-3885-4902-b7a4-f08f299bbd74,tucker182832372@mailinator.com
a0ae0273-a3f2-4a73-bab2-9907b2a9ed0d,df@sfdg.com
7205f70e-3a12-4e30-8d43-b195b4e351f2,jmullin-noemployee@nerdery.com
9bb6619c-d202-44c9-a769-e94f947180e5,ksjhg@sakgl.com
317a10c3-5f95-4e6b-a389-8ab86ef779c8,myirlogintest3@mailinator.com
2197ccb8-2a8c-4dde-8ecf-0ec027097129,df099@gmail.com
afa9f222-1208-44cf-9ba6-4695ec4e977d,kjkj@gmail.com
f0fd9074-4b2a-45ab-8b55-cf08c8e0e753,coffee123@mailinaotor.com
3f743ab4-e9ba-4091-8f87-980d2f3c0e39,tuckerr4803131146@mailinator.com
b5ccca3b-5ccb-4f49-b9a5-30a8f066076a,password1@gmail.com
8148d52e-a835-47bd-bd8d-dcbbc0f4f4e9,slkdfh@daflkj.com
23a92ed3-b4d7-43fc-a24f-5d5b1f8c6583,fg@mailiantor.com
ee8c54f2-f0e3-4040-91e9-82dd93807d99,drwewwe@mailinator.com
ae0ec42d-f2a4-4a5e-9819-df9629e7fea4,lsakdfjsk@mailinator.com
903d7aa1-70f9-423d-a39e-48c781c99bda,kasdjh@sdkfj.com
3972448e-5790-4915-8ffe-a671dc92738f,bsmith@mailinator.com
9b4a009f-6c34-46c1-8089-8fcb901836d6,ds33f@gmail.com
271c8b05-cea3-4e27-ac89-6d47c258865e,lksfgh@ladskf.com
99d0c296-030f-4afe-88e4-4b92195f739c,jr1@mailinator.com
1aa6a7ab-37b7-4b01-847c-6dd52987c8a2,nishi@mailinator.com
052fb2ee-dc22-4df8-9ebb-26bedbbb0a86,s@s.com
68d7fd6e-02af-4902-90a0-607aac1f0acf,newcode@mailinator.com
778987fa-aa1b-456a-b449-283c646d1cf4,jr17@mailinator.com
9314ddff-6c48-4d8e-ad82-297736f7ad53,tutu@gmail.com
52bfaadb-29dc-4950-a847-661588705232,error@gmail.com
50eb865d-86b9-4b7c-a6f6-b9a2ca5b64c8,jr9@mailinator.com
72cebf34-a6cb-441c-ab42-485a5f8de0e3,coviddd@gmail.com
